policy,label,margin_cutoff,ai_probability_cutoff,split,human,ai,fp,tp,fpr,recall
original,Original · 2% validation FPR,-3.2480470415752043,0.0373971275985241,mixed_val,622,622,11,622,0.017684887459807074,1.0
original,Original · 2% validation FPR,-3.2480470415752043,0.0373971275985241,mixed_test,631,631,19,631,0.030110935023771792,1.0
original,Original · 2% validation FPR,-3.2480470415752043,0.0373971275985241,cross_model_test,182,182,6,182,0.03296703296703297,1.0
original,Original · 2% validation FPR,-3.2480470415752043,0.0373971275985241,pmc_body_audit,261,0,15,0,0.05747126436781609,
original,Original · 2% validation FPR,-3.2480470415752043,0.0373971275985241,editlens_test,2000,2000,41,2000,0.0205,1.0
original,Original · 2% validation FPR,-3.2480470415752043,0.0373971275985241,enron_test,1800,1800,38,1800,0.021111111111111112,1.0
original,Original · 2% validation FPR,-3.2480470415752043,0.0373971275985241,acl_human_audit,17560,0,383,0,0.021810933940774487,
original,Original · 2% validation FPR,-3.2480470415752043,0.0373971275985241,paper_subset,221,221,10,221,0.04524886877828054,1.0
original,Original · 2% validation FPR,-3.2480470415752043,0.0373971275985241,pmc_subset,87,87,5,87,0.05747126436781609,1.0
val_1pct,At most 1% validation FPR,-2.9433593749999996,0.05005130611855735,mixed_val,622,622,6,622,0.00964630225080386,1.0
val_1pct,At most 1% validation FPR,-2.9433593749999996,0.05005130611855735,mixed_test,631,631,14,631,0.022187004754358162,1.0
val_1pct,At most 1% validation FPR,-2.9433593749999996,0.05005130611855735,cross_model_test,182,182,4,182,0.02197802197802198,1.0
val_1pct,At most 1% validation FPR,-2.9433593749999996,0.05005130611855735,pmc_body_audit,261,0,10,0,0.038314176245210725,
val_1pct,At most 1% validation FPR,-2.9433593749999996,0.05005130611855735,editlens_test,2000,2000,32,2000,0.016,1.0
val_1pct,At most 1% validation FPR,-2.9433593749999996,0.05005130611855735,enron_test,1800,1800,32,1800,0.017777777777777778,1.0
val_1pct,At most 1% validation FPR,-2.9433593749999996,0.05005130611855735,acl_human_audit,17560,0,344,0,0.01958997722095672,
val_1pct,At most 1% validation FPR,-2.9433593749999996,0.05005130611855735,paper_subset,221,221,8,221,0.03619909502262444,1.0
val_1pct,At most 1% validation FPR,-2.9433593749999996,0.05005130611855735,pmc_subset,87,87,4,87,0.04597701149425287,1.0
val_0fp,Zero validation false positives,-1.1640624999999998,0.23792989161116976,mixed_val,622,622,0,622,0.0,1.0
val_0fp,Zero validation false positives,-1.1640624999999998,0.23792989161116976,mixed_test,631,631,8,631,0.012678288431061807,1.0
val_0fp,Zero validation false positives,-1.1640624999999998,0.23792989161116976,cross_model_test,182,182,3,182,0.016483516483516484,1.0
val_0fp,Zero validation false positives,-1.1640624999999998,0.23792989161116976,pmc_body_audit,261,0,7,0,0.02681992337164751,
val_0fp,Zero validation false positives,-1.1640624999999998,0.23792989161116976,editlens_test,2000,2000,12,2000,0.006,1.0
val_0fp,Zero validation false positives,-1.1640624999999998,0.23792989161116976,enron_test,1800,1800,8,1799,0.0044444444444444444,0.9994444444444445
val_0fp,Zero validation false positives,-1.1640624999999998,0.23792989161116976,acl_human_audit,17560,0,199,0,0.01133257403189066,
val_0fp,Zero validation false positives,-1.1640624999999998,0.23792989161116976,paper_subset,221,221,5,221,0.02262443438914027,1.0
val_0fp,Zero validation false positives,-1.1640624999999998,0.23792989161116976,pmc_subset,87,87,4,87,0.04597701149425287,1.0
score_50pct,Standard AI score ≥ 50%,0.0,0.5,mixed_val,622,622,0,622,0.0,1.0
score_50pct,Standard AI score ≥ 50%,0.0,0.5,mixed_test,631,631,4,631,0.006339144215530904,1.0
score_50pct,Standard AI score ≥ 50%,0.0,0.5,cross_model_test,182,182,0,182,0.0,1.0
score_50pct,Standard AI score ≥ 50%,0.0,0.5,pmc_body_audit,261,0,7,0,0.02681992337164751,
score_50pct,Standard AI score ≥ 50%,0.0,0.5,editlens_test,2000,2000,9,2000,0.0045,1.0
score_50pct,Standard AI score ≥ 50%,0.0,0.5,enron_test,1800,1800,2,1799,0.0011111111111111111,0.9994444444444445
score_50pct,Standard AI score ≥ 50%,0.0,0.5,acl_human_audit,17560,0,147,0,0.00837129840546697,
score_50pct,Standard AI score ≥ 50%,0.0,0.5,paper_subset,221,221,2,221,0.00904977375565611,1.0
score_50pct,Standard AI score ≥ 50%,0.0,0.5,pmc_subset,87,87,1,87,0.011494252873563218,1.0
val_midpoint,Validation class-gap midpoint,1.84765625,0.863851684976284,mixed_val,622,622,0,622,0.0,1.0
val_midpoint,Validation class-gap midpoint,1.84765625,0.863851684976284,mixed_test,631,631,4,631,0.006339144215530904,1.0
val_midpoint,Validation class-gap midpoint,1.84765625,0.863851684976284,cross_model_test,182,182,0,182,0.0,1.0
val_midpoint,Validation class-gap midpoint,1.84765625,0.863851684976284,pmc_body_audit,261,0,4,0,0.01532567049808429,
val_midpoint,Validation class-gap midpoint,1.84765625,0.863851684976284,editlens_test,2000,2000,7,1999,0.0035,0.9995
val_midpoint,Validation class-gap midpoint,1.84765625,0.863851684976284,enron_test,1800,1800,2,1799,0.0011111111111111111,0.9994444444444445
val_midpoint,Validation class-gap midpoint,1.84765625,0.863851684976284,acl_human_audit,17560,0,97,0,0.005523917995444191,
val_midpoint,Validation class-gap midpoint,1.84765625,0.863851684976284,paper_subset,221,221,2,221,0.00904977375565611,1.0
val_midpoint,Validation class-gap midpoint,1.84765625,0.863851684976284,pmc_subset,87,87,1,87,0.011494252873563218,1.0
val_99recall,At least 99% validation AI recall,9.4375,0.9999203269901391,mixed_val,622,622,0,616,0.0,0.9903536977491961
val_99recall,At least 99% validation AI recall,9.4375,0.9999203269901391,mixed_test,631,631,1,623,0.001584786053882726,0.9873217115689382
val_99recall,At least 99% validation AI recall,9.4375,0.9999203269901391,cross_model_test,182,182,0,182,0.0,1.0
val_99recall,At least 99% validation AI recall,9.4375,0.9999203269901391,pmc_body_audit,261,0,0,0,0.0,
val_99recall,At least 99% validation AI recall,9.4375,0.9999203269901391,editlens_test,2000,2000,1,1981,0.0005,0.9905
val_99recall,At least 99% validation AI recall,9.4375,0.9999203269901391,enron_test,1800,1800,0,1792,0.0,0.9955555555555555
val_99recall,At least 99% validation AI recall,9.4375,0.9999203269901391,acl_human_audit,17560,0,21,0,0.0011958997722095672,
val_99recall,At least 99% validation AI recall,9.4375,0.9999203269901391,paper_subset,221,221,1,218,0.004524886877828055,0.9864253393665159
val_99recall,At least 99% validation AI recall,9.4375,0.9999203269901391,pmc_subset,87,87,0,85,0.0,0.9770114942528736
