timestamp, index, utilization.gpu [%], utilization.memory [%], memory.used [MiB], memory.total [MiB], power.draw [W]
2026/10/02 00:37:08.392, 0, 0 %, 0 %, 1 MiB, 143771 MiB, 73.87 W
2026/10/02 00:37:08.398, 1, 0 %, 0 %, 1 MiB, 143771 MiB, 77.44 W
2026/10/02 00:37:08.400, 2, 0 %, 0 %, 1 MiB, 143771 MiB, 74.55 W
2026/10/02 00:37:08.402, 3, 0 %, 0 %, 1 MiB, 143771 MiB, 75.56 W
2026/10/02 00:37:23.405, 0, 0 %, 0 %, 1 MiB, 143771 MiB, 73.82 W
2026/10/02 00:37:23.405, 1, 0 %, 0 %, 1 MiB, 143771 MiB, 77.38 W
2026/10/02 00:37:23.405, 2, 0 %, 0 %, 1 MiB, 143771 MiB, 74.55 W
2026/10/02 00:37:23.405, 3, 0 %, 0 %, 1 MiB, 143771 MiB, 75.61 W
2026/10/02 00:37:38.406, 0, 0 %, 0 %, 1 MiB, 143771 MiB, 73.80 W
2026/10/02 00:37:38.406, 1, 0 %, 0 %, 1 MiB, 143771 MiB, 77.44 W
2026/10/02 00:37:38.406, 2, 0 %, 0 %, 1 MiB, 143771 MiB, 74.60 W
2026/10/02 00:37:38.406, 3, 0 %, 0 %, 1 MiB, 143771 MiB, 75.64 W
2026/10/02 00:37:53.407, 0, 0 %, 0 %, 1 MiB, 143771 MiB, 73.73 W
2026/10/02 00:37:53.407, 1, 0 %, 0 %, 1 MiB, 143771 MiB, 77.41 W
2026/10/02 00:37:53.407, 2, 0 %, 0 %, 1 MiB, 143771 MiB, 74.59 W
2026/10/02 00:37:53.407, 3, 0 %, 0 %, 1 MiB, 143771 MiB, 75.62 W
2026/10/02 00:38:08.408, 0, 0 %, 0 %, 1 MiB, 143771 MiB, 73.82 W
2026/10/02 00:38:08.408, 1, 0 %, 0 %, 1 MiB, 143771 MiB, 77.40 W
2026/10/02 00:38:08.408, 2, 0 %, 0 %, 1 MiB, 143771 MiB, 74.55 W
2026/10/02 00:38:08.408, 3, 0 %, 0 %, 1 MiB, 143771 MiB, 75.55 W
2026/10/02 00:38:23.409, 0, 0 %, 0 %, 1 MiB, 143771 MiB, 73.78 W
2026/10/02 00:38:23.409, 1, 0 %, 0 %, 1 MiB, 143771 MiB, 77.39 W
2026/10/02 00:38:23.409, 2, 0 %, 0 %, 1 MiB, 143771 MiB, 74.60 W
2026/10/02 00:38:23.409, 3, 0 %, 0 %, 1 MiB, 143771 MiB, 75.55 W
2026/10/02 00:38:38.410, 0, 0 %, 0 %, 1 MiB, 143771 MiB, 73.78 W
2026/10/02 00:38:38.410, 1, 0 %, 0 %, 1 MiB, 143771 MiB, 77.45 W
2026/10/02 00:38:38.410, 2, 0 %, 0 %, 1 MiB, 143771 MiB, 74.57 W
2026/10/02 00:38:38.410, 3, 0 %, 0 %, 1 MiB, 143771 MiB, 75.64 W
2026/10/02 00:38:53.411, 0, 0 %, 0 %, 1 MiB, 143771 MiB, 73.79 W
2026/10/02 00:38:53.411, 1, 0 %, 0 %, 1 MiB, 143771 MiB, 77.47 W
2026/10/02 00:38:53.411, 2, 0 %, 0 %, 1 MiB, 143771 MiB, 74.72 W
2026/10/02 00:38:53.411, 3, 0 %, 0 %, 1 MiB, 143771 MiB, 75.66 W
2026/10/02 00:39:08.412, 0, 0 %, 0 %, 1 MiB, 143771 MiB, 73.82 W
2026/10/02 00:39:08.412, 1, 0 %, 0 %, 1 MiB, 143771 MiB, 77.49 W
2026/10/02 00:39:08.412, 2, 0 %, 0 %, 1 MiB, 143771 MiB, 74.68 W
2026/10/02 00:39:08.412, 3, 0 %, 0 %, 1 MiB, 143771 MiB, 75.73 W
2026/10/02 00:39:23.413, 0, 0 %, 0 %, 1 MiB, 143771 MiB, 73.79 W
2026/10/02 00:39:23.413, 1, 0 %, 0 %, 1 MiB, 143771 MiB, 77.46 W
2026/10/02 00:39:23.413, 2, 0 %, 0 %, 1 MiB, 143771 MiB, 74.62 W
2026/10/02 00:39:23.413, 3, 0 %, 0 %, 1 MiB, 143771 MiB, 75.72 W
2026/10/02 00:39:38.414, 0, 0 %, 0 %, 1 MiB, 143771 MiB, 73.82 W
2026/10/02 00:39:38.414, 1, 0 %, 0 %, 1 MiB, 143771 MiB, 77.42 W
2026/10/02 00:39:38.414, 2, 0 %, 0 %, 1 MiB, 143771 MiB, 74.59 W
2026/10/02 00:39:38.414, 3, 0 %, 0 %, 1 MiB, 143771 MiB, 75.66 W
2026/10/02 00:39:53.415, 0, 0 %, 0 %, 1 MiB, 143771 MiB, 73.82 W
2026/10/02 00:39:53.415, 1, 0 %, 0 %, 1 MiB, 143771 MiB, 77.38 W
2026/10/02 00:39:53.416, 2, 0 %, 0 %, 1 MiB, 143771 MiB, 74.55 W
2026/10/02 00:39:53.416, 3, 0 %, 0 %, 1 MiB, 143771 MiB, 75.53 W
