collection,papers,live_tldr,live_abstract_preview,live_keywords,live_primary_area,live_summary,saved_abstract,raw_note_match,raw_public_abstract,raw_public_TLDR,raw_public_keywords,raw_public_primary_area,available_abstract,sample_public_abstract,sample_tldr_fields,sample_tag_fields,source_sample_url
Other uploads,2,0,0,0,0,0,0,0,0,0,0,0,0,,,,
colm/2024,299,0,0,0,0,0,299,299,0,0,0,0,299,True,TLDR,research_area; keywords,https://api2.openreview.net/notes?id=QbCHlIqbDJ
colm/2025,418,0,0,0,0,0,418,418,0,0,0,0,418,True,TLDR,keywords,https://api2.openreview.net/notes?id=c05qIG1Z2B
corl/2021,153,0,0,0,0,0,153,153,0,0,0,0,153,True,,keywords,https://api.openreview.net/notes?id=TSuSGVkjuXd
corl/2022,197,0,0,0,0,0,197,197,0,0,0,0,197,True,TL;DR,keywords,https://api.openreview.net/notes?id=X_qYPtJLaX8
corl/2023,199,0,0,0,0,0,199,199,0,0,0,0,199,True,TL;DR,keywords,https://api.openreview.net/notes?id=sLhk0keeiseH
corl/2024,264,0,0,0,0,0,264,264,0,0,0,0,264,True,TLDR,keywords,https://api2.openreview.net/notes?id=wTKJge0PTq
emnlp/2023,1220,0,0,0,0,0,1220,1220,0,0,0,0,1220,True,,keywords,https://api2.openreview.net/notes?id=HvYxdKPqYt
iclr/2013,64,0,0,0,0,0,0,64,0,0,0,0,0,True,,,https://api.openreview.net/notes?id=zzKhQhsTYlzAZ
iclr/2014,69,0,0,0,0,0,0,69,0,0,0,0,0,True,,,https://api.openreview.net/notes?id=__Jk_HAdtfK5W
iclr/2017,489,0,0,0,0,0,0,489,0,0,0,0,0,True,TL;DR,,https://api.openreview.net/notes?id=HkE0Nvqlg
iclr/2018,993,0,0,0,0,0,0,993,0,0,0,0,0,True,TL;DR,keywords,https://api.openreview.net/notes?id=SyqAPeWAZ
iclr/2019,1578,0,0,0,0,0,0,1578,0,0,0,0,0,True,TL;DR,keywords,https://api.openreview.net/notes?id=B1e9W3AqFX
iclr/2020,2594,0,0,0,0,0,2213,2594,0,0,0,0,2213,True,,keywords,https://api.openreview.net/notes?id=r1lOgyrKDS
iclr/2021,3008,0,0,0,0,0,2592,3008,0,0,0,0,2592,True,,,https://api.openreview.net/notes?id=yN18f9V1Onp
iclr/2022,3419,0,0,0,0,0,2616,3419,0,0,0,0,2616,True,,keywords,https://api.openreview.net/notes?id=OCgCYv7KGZe
iclr/2023,4952,0,0,0,0,0,3792,4952,0,0,0,0,3792,True,TL;DR,keywords; Please_choose_the_closest_area_that_your_submission_falls_into,https://api.openreview.net/notes?id=YV8tP7bW6Kt
iclr/2024,1220,0,0,0,0,0,1220,1220,0,0,0,0,1220,True,,keywords; primary_area,https://api2.openreview.net/notes?id=EvyYFSxdgB
iclr/2025,1623,0,0,0,0,0,1483,1483,0,0,0,0,1483,True,,keywords; primary_area,https://api2.openreview.net/notes?id=AC3713Fmhx
iclr/2026,1170,0,0,0,0,0,1170,1170,0,0,0,0,1170,True,,keywords; primary_area,https://api2.openreview.net/notes?id=CyKVrhNABo
iclr/2027,36343,20256,36343,36343,36343,36343,0,0,0,0,0,0,36343,,,,
icml/2025,1170,0,0,0,0,0,1170,1170,0,0,0,0,1170,True,TLDR,primary_area; keywords,https://api2.openreview.net/notes?id=9MJ8FpUvjD
neurips/2021,2719,0,0,0,0,0,2467,2719,0,0,0,0,2467,True,,keywords,https://api.openreview.net/notes?id=pl2WX3riyiq
neurips/2022,2987,0,0,0,0,0,2824,2987,0,0,0,0,2824,True,TL;DR,keywords,https://api.openreview.net/notes?id=9wCQVgEWO2J
neurips/2023,1220,0,0,0,0,0,1220,1220,0,0,0,0,1220,True,TLDR,keywords,https://api2.openreview.net/notes?id=8gDJXL652A
neurips/2024,1220,0,0,0,0,0,1220,1220,0,0,0,0,1220,True,,keywords; primary_area,https://api2.openreview.net/notes?id=67K3Xlvw8L
neurips/2025,1170,0,0,0,0,0,1170,1170,0,0,0,0,1170,True,TLDR,keywords; primary_area,https://api2.openreview.net/notes?id=7L4NvUtZY3
tmlr/2022,223,0,0,0,0,0,223,223,0,0,0,0,223,True,,,https://api2.openreview.net/notes?id=K6g4MbAC1r
tmlr/2023,593,0,0,0,0,0,593,593,0,0,0,0,593,True,,,https://api2.openreview.net/notes?id=T5sXdAO3EQ
tmlr/2024,923,0,0,0,0,0,923,923,0,0,0,0,923,True,,,https://api2.openreview.net/notes?id=YxKJihRcby
tmlr/2025,1170,0,0,0,0,0,1170,1170,0,0,0,0,1170,True,,,https://api2.openreview.net/notes?id=muWEt1TOyo
tmlr/2026,478,0,0,0,0,0,478,478,0,0,0,0,478,True,,,https://api2.openreview.net/notes?id=Ll78kAR1lj
